,0
0,Hewitt
1,Howard
2,Cockerell
3,Sandra
4,Blair
5,Brown
6,Butler
7,Blair
8,Blair
9,Blunkett
10,Ralph
11,Etzioni
12,Carters
13,Etzioni
14,Etzioni
15,William
16,Harry
17,Boris
18,Ken
19,Ken
20,Ffion
21,Kennedy
22,McConnell
23,Harry
24,Charles
25,Diana
26,Diana
27,Diana
28,Howard
29,Hannah
30,Brown
31,Howard
32,Kilroy
33,Kilroy
34,Kilroy-Silk
35,Kilroy-Silk
36,Kilroy-Silk
37,Kilroy-Silk
38,Kilroy-Silk
39,Kilroy-Silk
40,Robert
41,Kilroy-Silk
42,Boothroyd
43,Blair
44,Straw
45,Malik
46,Shahid
47,Kilroy-Silk
48,Howard
49,Howard
50,Jimmy
51,White
52,Dracula
53,Jacks
54,Bush
55,Cherie
56,Bush
57,Giselle
58,Stefans
59,Blairs
60,Blunkett
61,David
62,Abbas
63,Blair
64,Frost
65,Browns
66,Kennedy
67,Blair
68,Blair
69,Kilroy
70,Brown
71,Blair
72,Gordon
73,Brown
74,Browns
75,Blair
76,Browns
77,Blair
78,Brown
79,Browns
80,Howard
81,Blair
82,Browns
83,Blair
84,Brown
85,Blair
86,Brown
87,Solomons
88,Browns
89,Blair
90,Bush
91,Kilroy-Silk
92,Blair
93,Forsyth
94,Bush
95,Blair
96,Forsyth
97,Forsyth
98,Forsyth
99,Churchill
100,Forsythe
101,Hobbes
102,Hobbes
103,Frederick
104,Freddies
105,Stalins
106,Ceausescus
107,Muhammad
108,Thatcher
109,Mandelson
110,Campbell
111,Audrey
112,Jim
113,Audrey
114,Browns
115,Milburn
116,Brown
117,Brown
118,Milburn
119,Blair
120,Boateng
121,Paul
122,Pauls
123,Paul
124,Paul
125,Paul
126,Tonys
127,Patricia Hewitt
128,Ms Hewitt
129,Ms Hewitt
130,Theresa May
131,Gordon Brown
132,Tony Blair
133,Sandra Gidley
134,Ms Hewitt
135,David Frost
136,Patricia Hewitt
137,Ms Hewitt
138,Ms Hewitt
139,Ms Hewitt
140,Colin Asplin
141,Michael Howard
142,Mr Howard
143,Anne Robinson
144,Ms Robinson
145,Mr Howard
146,Michael Cockerell
147,Mr Howard
148,Ms Robinson
149,John Majors
150,Mr Howard
151,Rory Bremners
152,Alastair Campbell
153,Mr Howard
154,Tony Blair
155,Mr Howard
156,Mr Blairs
157,Ken Clarke
158,Mr Howard
159,Mr Clarke
160,Michael Howard
161,Tony Blair
162,Gordon Browns
163,Mr Brown
164,John Major
165,Mr Brown
166,Mr Blair
167,Mr Blair
168,Mr Brown
169,Carl Emmerson
170,David Page
171,Oliver Letwin
172,Mr Letwin
173,Vincent Cable
174,Mr Brown
175,Mr Cable
176,Michael Howard
177,Tony Blair
178,Mr Blair
179,Mr Howard
180,Mr Howard
181,Mr Blair
182,Mr Howard
183,Mr Blair
184,Charles Clarke
185,Mr Blair
186,Mr Howard
187,Mr Blair
188,John Beaumont
189,Barry Sheerman
190,Gordon Brown
191,Mr Browns
192,Mr Brown
193,Mr Browns
194,Mr Brown
195,Tony Blair
196,Michael Howard
197,Lord Butler
198,Tony Blairs
199,Michael Howard
200,Lord Butler
201,Mr Blair
202,Lord Butler
203,Mr Blair
204,Lord Butler
205,Mr Howard
206,Lord Butlers
207,Lord Butlers
208,Saddam Hussein
209,Lord Butler
210,Boris Johnson
211,Lord Butler
212,Lord Butlers
213,Lord Armstrong
214,Lord Armstrong
215,Menzies Campbell
216,Lord Butlers
217,Mr Blairs
218,Jack Cunningham
219,Lord Butler
220,Mr Cunningham
221,Robin Butlers
222,David Blunkett
223,Mr Blunkett
224,Mark Oaten
225,Mr Oaten
226,Sir Alans
227,Mr Oaten
228,Mr Blunketts
229,Mr Oaten
230,Jack Straw
231,Mr Straw
232,Mr Straw
233,Michael Ancram
234,Ruth Kelly
235,David Blunkett
236,Mr Blunkett
237,Mr Blunkett
238,David Davis
239,Baroness Scotland
240,Lord Hanningfield
241,David Miliband
242,David Milibands
243,Tony Blair
244,Mr Milibands
245,David Miliband
246,Gordon Brown
247,Mr Blair
248,David Miliband
249,Tony Blairs
250,Dave Prentis
251,Mr Prentis
252,Mark Serwotka
253,Paul Woolstenholmes
254,Gordon Lishman
255,Mr Lishman
256,Mr Lishman
257,Amitai Etzioni
258,Charles Clarke
259,Mr Clarke
260,David Bell
261,Mr Bells
262,Mr Clarke
263,Bryan Ferry
264,Matthew Knight
265,Otis Ferry
266,David Redvers
267,John Holliday
268,Robert Thame
269,Princes Charles
270,Andrew Elliot
271,Richard Wakeham
272,Nick Wood
273,Michael Martin
274,John Prescott
275,Stephen Cape
276,Mr Prescott
277,Mr Prescott
278,Mark Serwotka
279,Mr Prescott
280,Michael Howard
281,Mr Howard
282,Mr Howard
283,Charles Clarke
284,Mark Oaten
285,Mr Oaten
286,Mr Clarke
287,Ken Livingstone
288,Boris Johnson
289,Mr Johnson
290,Tony Blairs
291,Mr Livingstone
292,Mr Livingstone
293,Mr Livingstone
294,Mr Blair
295,Mr Johnson
296,Ken Bigley
297,Mr Blair
298,Ken Livingstone
299,Mr Johnson
300,Mr Johnson
301,Mr Bigley
302,Mr Johnson
303,William Hague
304,Mr Hague
305,Mr Hague
306,Mr Hague
307,William Pitt
308,Mr Hague
309,Tim Collins
310,Mr Hague
311,Mr Hague
312,Mr Hague
313,Brendan Barber
314,Mr Barber
315,Dan Lewis
316,John Redwood
317,Ed Davey
318,Mr Lewis
319,Mr Lewis
320,Wayne Rooney
321,Mr Lewis
322,Tony Blair
323,Charles Kennedy
324,Mr Kennedy
325,Mr Kennedy
326,Mr Blairs
327,Mr Kennedy
328,Mr Kennedy
329,Jack McConnell
330,Mr McConnell
331,Mr McConnell
332,Margaret Davidson
333,Mr McConnell
334,Mr McConnell
335,Nicola Sturgeon
336,Jack McConnell
337,Mr McConnell
338,Charles Clarke
339,Mr Clarke
340,Jack Straw
341,Mr Clarke
342,Mark Oaten
343,Mr Clarke
344,Mr Oaten
345,Daniel Sandford
346,Mr Clarke
347,David Blunkett
348,Daniel Sandford
349,Sue Essex
350,Gordon Brown
351,Bob Wellington
352,Mr Wellington
353,Ms Essex
354,Ms Essex
355,Ms Essex
356,Dai Lloyd
357,Mike German
358,Mr German
359,Glyn Davies
360,Prince Charles
361,Prince William
362,Prince Charles
363,Princes William
364,St Georges
365,Ros Coward
366,Prince Charles
367,Tony Blair
368,Michael Howard
369,Charles Kennedy
370,John Howard
371,Michael Howard
372,Tony Blair
373,Mr Howard
374,Mr Howard
375,Mr Howard
376,Michael Howards
377,Tony Blair
378,Mr Blair
379,Matthew Taylor
380,Mr Howard
381,Gordon Brown
382,Alan Milburn
383,Tony Blair
384,Mr Brown
385,Mr Brown
386,Andrew Marr
387,Mr Browns
388,Mr Blair
389,Mr Marrs
390,Mr Browns
391,Mr Blair
392,Mr Blair
393,Mr Browns
394,Mr Blair
395,Mike OBrien
396,Mr OBrien
397,Mr OBrien
398,Mr OBrien
399,Tony Blair
400,Michael Howard
401,Mr Blairs
402,Fraser Kemp
403,Mr Howard
404,Mr Howard
405,Mr Blair
406,Mr Blair
407,Mr Kemp
408,Michael Howard
409,Michael Howard
410,Robert Kilroy-Silk
411,Mr Kilroy-Silk
412,Roger Knapman
413,Mr Kilroy-Silk
414,Mr Kilroy-Silk
415,Geoff Hoons
416,Damien Hockney
417,Petrina Holdsworth
418,Mr Kilroy-Silk
419,Mr Hockney
420,Mr Kilroy-Silk
421,Mr Hockney
422,Mr Hockney
423,Roger Knapman
424,Mr Kilroy-Silk.
425,Robert Kilroy-Silk
426,Mr Kilroy-Silk
427,Robert Kilroy-Silk
428,Betty Boothroyd
429,Baroness Boothroyd
430,Tony Blair
431,Lord Falconer
432,Lady Boothroyd
433,Lord Falconer
434,Lord Falconer
435,Lord Falconer
436,Lord Falconer
437,Jane Hutt
438,Tony Beddow
439,Ms Hutt
440,Ms Hutt
441,Kirsty Williams
442,Jonathan Morgan
443,Ms Hutt
444,Michael Howard
445,Mr Howard
446,Mr Howard
447,Mr Howard
448,Des Browne
449,Michael Howard
450,Lisa Power
451,Terrence Higgins
452,Michael Martin
453,Alastair Campbell
454,Mr Martin
455,John Houston
456,Mark Croucher
457,Mr Houston
458,Robert Kilroy-Silk
459,Mr Houston
460,Mr Croucher
461,Mr Houstons
462,Mr Houston
463,Mr Houston
464,Peter Nielson
465,Mr Houston
466,Mr Houston
467,Tony Blair
468,Barbara Stocking
469,Gordon Brown
470,Mr Blair
471,Mr Brown
472,Jeremy Irons
473,Kate Hoey
474,Mike Hobday
475,Sarah Mukherjee
476,Tom Heap
477,Kate Hoey
478,Judith Moritz
479,Simon Hart
480,Theresa May
481,Alastair McWhirter
482,Lord Goldsmith
483,Jack Straw
484,Mr Straw
485,Mr Straw
486,Mr Straw
487,Jack Straw
488,Mr Straw
489,Tony Blairs
490,Neil OBrien
491,Charles Kennedy
492,Mr Blair
493,Jack Straw
494,Mr Blair
495,Shahid Malik
496,Trevor Phillips
497,Mr Phillips
498,Mr Malik
499,Diane Abbot
500,Mr Phillips
501,Keith Vaz
502,Paul Boateng
503,Bernie Grant
504,Ms Abbott
505,Ian McCartney
506,Nicholas Betts-Green
507,Mr Betts-Green
508,Mr Betts-Green
509,Norman Baker
510,Patricia Hewitt
511,Mr Baker
512,Charles Clarke
513,Liam Fox
514,Tony Blairs
515,Mr Clarke
516,Mr Clarke
517,Mr Blairs
518,Dr Fox
519,Mr Clarke
520,Mr Clarke
521,Dr Fox
522,Mr Blair
523,Mr Blair
524,Charles Kennedy
525,Richard Mawrey
526,Muhammad Afzal
527,Mohammed Islam
528,Mohammed Kazi
529,Ravi Sukul
530,Mr Sukul
531,Mr Sukul
532,Mr Sukul
533,Mr Mawrey
534,Mr Mawrey
535,Mr Islam
536,Mr Kazi
537,Moazzam Begg
538,Martin Mubanga
539,Feroz Abbasi
540,Richard Belmar
541,Mr Beggs
542,Louise Christian
543,Mr Abbasi
544,Mr Mubanga
545,Azmat Begg
546,Azmat Begg
547,Sir John
548,Louise Christian
549,Gareth Peirce
550,Mr Begg
551,Massoud Shadjareh
552,Iqbal Sacranie
553,Robert Kilroy-Silk
554,Ruth Kelly
555,Mr Kilroy-Silk
556,Mr Kilroy-Silk
557,Mr Kilroy-Silk
558,Mr Kilroy-Silk
559,Ms Kelly
560,Jonathan Dimbleby
561,Mr Kilroy-Silk
562,Mr Kilroy-Silk
563,Jonathan Dimbleby
564,Mr Kilroy-Silk
565,Mr Kilroy-Silk
566,Tony Blair
567,Mr Howard
568,Mr Howard
569,Mr Howard
570,Mr Howard
571,Alan Milburn
572,Simon Hughes
573,John Denham
574,James Ford
575,Lewis Champion
576,David Blunkett
577,Mr Blunkett
578,Lord Woolf
579,Lord Woolfs
580,Mr Denham
581,David Davis
582,Mr Blunkett
583,Mark Oaten
584,David Bell
585,Mr Bell
586,Mr Bells
587,Mr Bell
588,Mr Bell
589,Mr Bell
590,Mr Bell
591,Mr Bell
592,Gordon Brown
593,Mr Brown
594,Oliver Letwin
595,Mr Brown
596,Balfour Beatty
597,Balfour Beattys
598,Balfour Beatty
599,Anthony Walker
600,Nicholas Jeffries
601,Alistair Cook
602,Sean Fugill
603,Keith Lea
604,Balfour Beatty
605,Steve Arthur
606,Peter Monkhouse
607,Charles Clarke
608,Mr Clarke
609,David Davis
610,Tony Blair
611,Mr Clarke
612,Mr Davis
613,Mr Clarke
614,Mark Oaten
615,Mr Clarke
616,Michael Howard
617,Mr Howard
618,Mr Howard
619,Mr Howard
620,Tony Meo
621,Mr White
622,Mr Howards
623,Ray Reardon
624,Terry Griffiths
625,Mr Howard
626,Clare Short
627,Ms Short
628,Ms Short
629,Ms Short
630,Ms Short
631,Cherie Blair
632,Mrs Blairs
633,Mr Bush
634,Gary ODonoghue
635,Mrs Blair
636,Tony Blair
637,Mr Blair
638,Jack Straw
639,Mr Blair
640,Jack Straw
641,Mr Blair
642,Patricia Hewitt
643,Stefan Pakeerah
644,Warren Leblanc
645,Ms Hewitt
646,Roger Bennett
647,Ms Hewitt
648,Tessa Jowell
649,David Blunketts
650,Tony Blair
651,Mr Blunkett
652,Mr Blair
653,Dominic Grieve
654,Mr Blunketts
655,Mr Blair
656,Mr Grieve
657,Mr Blunkett
658,Martin ONeill
659,Ian Gibson
660,Mr Blunkett
661,Gareth Thomas
662,Jack Straw
663,Mahmoud Abbas
664,Mr Abbas
665,Mr Abbas
666,Mr Abbas
667,Jack Straw
668,Mr Abbas
669,Tony Blair
670,Condoleezza Rice
671,Kofi Annan
672,Mr Straw
673,Mr Blair
674,Michael Howard
675,Lynton Crosby
676,Mr Crosby
677,Mr Howard
678,John Howard
679,Mr Howard
680,Mr Crosby
681,Mr Crosbys
682,Des Browne
683,Rhian Beynon
684,Ms Beynon
685,Mark Rimmer
686,Mr Rimmer
687,Mr Rimmer
688,Mr Rimmer
689,Javier Solana
690,Charles Clarke
691,Mr Solana
692,Jonathan Dimbleby
693,Mr Solanas
694,Mr Clarke
695,Mr Solana
696,Tony Blair
697,Gordon Brown
698,Mr Blair
699,Mr Brown
700,Mr Blair
701,Mr Blair
702,Tony Blair
703,John Prescott
704,Mr Brown
705,Mr Peston
706,Mr Peston
707,Mr Blair
708,Mr Blairs
709,Mr Brown
710,Mr Brown
711,Mr Blair
712,Michael Howard
713,Mr Brown
714,Adam Boulton
715,Matthew Taylor
716,Mr Blair
717,Mr Brown
718,Mr Blair
719,David Blunkett
720,Charles Kennedy
721,Tony Blair
722,Mr Kennedy
723,Tony Blair
724,Michael Howard
725,Mr Blair
726,Tony Blair
727,Mr Kennedy
728,Mr Blair
729,Michael Howard
730,Tony Blair
731,Gordon Brown
732,Mr Blair
733,Michael Howard
734,Michael Howard
735,Mr Brown
736,Alan Milburn
737,Mr Blair
738,Mr Brown
739,Robert Pestons
740,Mr Blair
741,Paul Flynn
742,Mr Prescott
743,Mr Prescott
744,Mr Brown
745,Mr Blair
746,Mr Peston
747,Mr Pestons
748,Mr Brown
749,John Redwood
750,Mr Redwood
751,Mr Blair
752,Michael Howard
753,Alan Beith
754,Jack Cunningham
755,Jack Cunningham
756,Jim Callaghan
757,Mr Cunningham
758,Tony Blairs
759,Mr Blair
760,Mr Cunningham
761,Robert Kilroy-Silk
762,Mr Kilroy-Silk
763,Mr Kilroy-Silk
764,Adam Ingram
765,Mr Ingram
766,Peter Duncan
767,Alex Salmond
768,George Foulkes
769,Geoff Hoon
770,Mr McCabe
771,Mr McCabe
772,Linda Knox
773,Linda Knox
774,James Hardy
775,Alan Beith
776,Norman Baker
777,Dr Lewis
778,Richard Thomas
779,Mr Thomas
780,Mr Thomas
781,David Blunkett
782,David Blunkett
783,Mr Blunkett
784,Tony Blair
785,Gordon Brown
786,Mr Blair
787,Mr Brown
788,Mr Brown
789,Mr Browns
790,Mr Blair
791,Mr Blair
792,Jack Straw
793,Hilary Benn
794,John Prescott
795,Mr Brown
796,Tony Blair
797,Gordon Brown
798,Ian Gibson
799,Tony Blair
800,Gordon Brown
801,John Reid
802,Lord Haskins
803,Lord Haskins
804,Mr Blair
805,Mr Brown
806,Mr Blair
807,Mr Brown
808,Robert Pestons
809,Mr Brown
810,Charlie Whelan
811,Mr Browns
812,Gordon Brown
813,Gordon Brown
814,Mr Blair
815,Mr Blair
816,Gordon Brown
817,Robert Peston
818,Mr Blair
819,Mr Brown
820,Mr Blair
821,Andrew Marr
822,Mr Brown
823,Tony Blair
824,Mr Brown
825,Mr Peston
826,Mr Blair
827,Andrew Marr
828,Gordon Brown
829,Tony Blair
830,Tony Blair
831,John Reid
832,Mr Blair
833,Mr Browns
834,Mr Blairs
835,Mr Brown
836,Michael Howard
837,Mr Brown
838,Matthew Taylor
839,Mr Blair
840,Mr Brown
841,Tony Blair
842,Mr Blair
843,Gordon Brown
844,Mr Brown
845,Alan Milburn
846,Mr Blair
847,Robert Peston
848,Mr Blair
849,Mr Brown
850,John Reid
851,Mr Blair
852,Mr Brown
853,Mr Blairs
854,Mr Brown
855,Mr Blair
856,Mr Peston
857,Mr Blair
858,Mr Blair
859,Liam Fox
860,Matthew Taylor
861,Neil Kinnock
862,Mr Blair
863,Mr Brown
864,Mr Brown
865,Tony Blair
866,Gordon Brown
867,Mr Brown
868,Alan Milburn
869,John Prescott
870,Mr Brown
871,Mr Milburn
872,Mr Blair
873,Mr Brown
874,Mr Blair
875,Robert Peston
876,Mr Blair
877,Mr Brown
878,Paul Flynn
879,Mr Blair
880,Mr Brown
881,Stephen Pound
882,Mr Blair
883,Mr Brown
884,Lord Campbell-Savours
885,Mr Brown
886,Mr Prescott
887,Mr Prescott
888,Mr Blair
889,Mr Brown
890,Mr Prescott
891,Mr Brown
892,Mr Peston
893,Mr Prescott
894,Mr Blair
895,Mr Brown
896,Tony Blairs
897,Michael Howard
898,Mr Howard
899,Mr Blair
900,Mr Blair
901,Robert Peston
902,Mr Blair
903,Mr Brown
904,Mr Pestons
905,Mr Brown
906,Mr Blair
907,Mr Blair
908,Mr Blair
909,Liam Fox
910,Mr Brown
911,Alan Milburn
912,Mr Blair
913,Charles Kennedy
914,Mr Blair
915,Mr Pestons
916,Mr Blair
917,Mr Brown
918,Lord Dubs
919,Sundar Katwala
920,Mr Katwala
921,Ann Taylor
922,Gordon Brown
923,Mr Brown
924,Mr Browns
925,Gordon Brown
926,Mr Blair
927,Alan Milburn
928,Gordon Brown
929,Alan Johnson
930,Jane Kennedy
931,Michael Howard
932,Mr Howard
933,Tony Blair
934,Mr Bush
935,Mr Blair
936,Mr Bush
937,Condoleezza Rice
938,Mr Blair
939,Mr Bush
940,Mr Blair
941,Mr Blair
942,Mr Blair
943,Mr Blair
944,Mr Blair
945,Mr Bush
946,Robert Kilroy-Silk
947,Roger Knapman
948,Robert Kilroy-Silk
949,Mr Knapman
950,Mr Knapman
951,Mr Kilroy-Silk
952,Mr Kilroy-Silk
953,Mr Kilroy-Silks
954,Mr Kilroy-Silk
955,Mr Kilroy-Silk
956,Mr Kilroy-Silk
957,Mr Kilroy-Silk
958,Mr Kilroy-Silk
959,Charles Kennedy
960,Mr Kennedy
961,Mr Kennedy
962,Michael Howards
963,Mr Kennedy
964,Mr Kennedy
965,Mr Kennedy
966,Tony Blairs
967,John Houston
968,Mark Croucher
969,Mr Houston
970,Robert Kilroy-Silk
971,Mr Houston
972,Mr Croucher
973,Mr Houstons
974,Mr Houston
975,Mr Houston
976,Peter Nielson
977,Mr Houston
978,Mr Houston
979,Lord Falconer
980,Frederick Forsyth
981,Charles Clarke
982,Adolf Hitler
983,Winston Churchill
984,Josef Stalin
985,Frederick Forsyth
986,Mr Forsyth
987,Mr Forsyth
988,Frederick Forsyth
989,Mr Blair
990,Mr Forsyth
991,Frederick Forsyth
992,Mr Forsyths
993,Mr Forsyth
994,Mr Forsyth
995,Freddie Forsyth
996,Mr Forsyth
997,Mr Forsyth
998,Mr Forsyth
999,Frederic Forsythes
1000,Mr Forsythes
1001,Thomas Jefferson
1002,Mr Forsythe
1003,Frederick Forsyths
1004,Frederick Forsyth
1005,Mr Forsyth
1006,Frederick Forsyth
1007,Mr Forsyths
1008,Mr Forsyth
1009,Mr Forsyth
1010,Tony Blair
1011,Mr Forsyth
1012,Thomas Hobbes
1013,Mr Forsyths
1014,Mr Forsyths
1015,Frederick Forsyth
1016,Mr Forsyth
1017,Charles Clarks
1018,Mr Forsyth
1019,Mr Forsyth
1020,Mr Forsyth
1021,Mr Forsyth
1022,Frederick Forsyth
1023,Winston Churchill
1024,Mr Forsyths
1025,Alastair Campbell
1026,Peter Mandelson
1027,Mr Campbell
1028,Mr Mandelson
1029,Mr Campbells
1030,Mr Campbell
1031,Gavyn Davies
1032,Greg Dyke
1033,Andrew Gilligan
1034,Michael Howards
1035,Mr Mandelson
1036,Alastair Campbell
1037,Alastair Campbell
1038,Mr Campbell
1039,Liam Fox
1040,Mr Campbells
1041,Mr Howard
1042,Baroness Kennedy
1043,Michael Howard
1044,Mark Oaten
1045,Michael Howard
1046,Lord Callaghan
1047,Lord Callaghan
1048,Lord Callaghan
1049,Harold Wilson
1050,Tony Blair
1051,Lord Callaghan
1052,Gordon Brown
1053,Jim Callaghan
1054,Lord Hattersley
1055,Lord Heseltine
1056,Lord Callaghan
1057,Jim Callaghan
1058,Michael Howard
1059,Charles Kennedy
1060,Lord Callaghan
1061,Harold Wilson
1062,Lord Callaghan
1063,Idi Amins
1064,Dennis Hills
1065,Lord Callaghan
1066,Lord Callaghan
1067,Margaret Thatcher
1068,Gordon Brown
1069,Alan Milburn
1070,Alan Johnson
1071,Mr Milburn
1072,Mr Brown
1073,Mr Milburn
1074,Mr Brown
1075,Mr Brown
1076,Mr Milburn
1077,Mr Johnson
1078,Gordon Brown
1079,Mr Milburn
1080,Tony Blair
1081,Mr Blairs
1082,Michael Howards
1083,Mr Blairs
1084,Mr Howards
1085,Mr Howard
1086,Cardinal OConnor
1087,Mr Howard
1088,Mr Howard
1089,David Davis
1090,Mr Howard
1091,Mr Blair
1092,Charles Kennedy
1093,Mr Blair
1094,Mr Kennedy
1095,Peter Smith
1096,Anne Weyman
1097,Paul Boateng
1098,Mr Boateng
1099,Mr Boateng
1100,Ann Grant
1101,Tony Blair
1102,Gordon Brown
1103,Mr Boateng
1104,Mr Boateng
1105,Michael Ancram
1106,Mr Boatengs
1107,Helen Liddell
1108,Mr Blairs
1109,Paul Boateng
1110,Sir Alan Budds
1111,Osama Bin Laden
1112,Sir Ian Blair
1113,George W Bush
1114,Camilla Parker Bowles
1115,Mrs Parker Bowles
1116,Mrs Parker Bowles
1117,Mrs Parker Bowles
1118,Mrs Parker Bowles
1119,Dr Rowan Williams
1120,Mrs Parker Bowles
1121,Mrs Parker Bowles
1122,Booz Allen Hamilton
1123,Dr Richard Lewis
1124,Rhodri Glyn Thomas
1125,Dr John Moore-Gillon
1126,Sir John Stevens
1127,Robert James Alcorn
1128,George W Bushs
1129,Sir Ian Blair
1130,Frank Field MP
1131,Tom McCabe MSP
1132,Brian Monteith MSP
1133,Dr Julian Lewis
1134,George W Bush
1135,Guy Mansfield QC
1136,Dame Barbara Castle
